ID базы,GEDCOM ID,Пол,Семьи как супруг,Семьи как ребёнок
7826,I2,F,,
7835,I12,M,F7,
7836,I13,F,F7,
7845,I500010,M,F500006,F500004
7850,I500015,M,,F500006
7851,I500016,F,F500006,
7852,I500017,M,,F500006
7853,I500018,M,,F500007
7854,I500019,F,F500007,
7856,I500022,M,F500010,
7857,I500023,F,F500010,
7860,I500026,M,F500011,
7861,I500027,M,F500012,
7862,I500028,F,F500012,
7864,I500031,M,F500038,F500013
7865,I500033,F,,F500013
7866,I500034,F,F500013,
7867,I500035,F,F500039,F500013
7868,I500036,F,F500015,F500014
7869,I500038,M,F500015,
7870,I500039,M,,F500015
7874,I500045,F,F500018,F500017
7880,I500056,F,F500028,F500029
7897,I500076,F,F500038,F500040
7904,I500086,M,F500049,F500033
7907,I500089,F,F500049,
7914,I500100,F,F500058,
7928,I500114,F,F500062,
7947,I500134,F,F500068,
7949,I500136,F,F500069,
7950,I500137,F,F500070,
7951,I500138,F,F500071,
7978,I500174,F,,F500088
7979,I500175,F,F500088,
8016,I500219,F,F500108,
8045,I500257,M,F500125,
8050,I500262,F,F500128,
8053,I500265,M,F500130,
8070,I500285,M,F500147,
8073,I500288,F,F500148,
8077,I500292,F,F500151,F500159
8083,I500298,F,F500155,
8097,I500316,F,,F500161
8098,I500317,F,F500161,
8101,I500320,M,,F500113
8102,I500321,F,,F500113
8121,I500348,F,F500172,
8133,I500360,F,F500174,
8135,I500362,F,F500175,
8137,I500364,M,,F500109
8144,I500371,M,,F500152
8151,I500378,M,,F500177
8153,I500380,M,F500178,
8155,I500382,M,F500179,
8157,I500384,M,F500180,
8158,I500385,F,F500180,
8159,I500386,M,,F500180
8170,I500397,F,,F500182
8171,I500398,M,F500182,
8179,I500406,F,F500184,
8181,I500408,F,F500185,
8187,I500414,M,F500186,
8189,I500416,F,F500187,
8192,I500419,M,F500188,
8198,I500425,M,F500189,
8207,I500434,F,F500192,
8211,I500439,F,F500193,
8224,I500452,F,F500205,
8238,I500466,F,F500206,
8295,I500530,F,F500230,
8311,I500553,F,F500242,
8312,I500554,M,,F500242
8314,I500556,F,F500244,
8315,I500557,F,,
8317,I500559,M,,F500245
8318,I500560,M,,F500245
8381,I500639,F,,F500267
8385,I500643,M,,F500187
8394,I500652,F,,F500132
8405,I500663,F,F500273,
8407,I500665,F,F500274,
8410,I500668,F,F500276,
8411,I500669,F,F500277,
8435,I500693,F,,F500222
8436,I500694,M,,F500222
8437,I500695,F,,F500222
8439,I500697,F,,F500266
8440,I500698,M,,F500255
8441,I500699,M,,F500255
8445,I500703,M,,F500281
8456,I500714,F,,F500283
8457,I500715,F,,F500283
8458,I500716,F,,F500271
8464,I500722,M,,F500271
8502,I500760,F,,F500289
8503,I500761,F,,F500289
8504,I500762,F,,F500289
8505,I500763,M,,F500289
8506,I500764,M,,F500289
8521,I500779,M,,F500292
8531,I500789,F,,F500294
8572,I500830,F,,F500307
8594,I500852,M,F500310,
8599,I500857,F,,F500313
8603,I500861,F,F500314,
8605,I500863,F,F500315,
8607,I500865,F,F500316,
8609,I500867,F,F500317,
8611,I500869,F,F500318,
8612,I500870,M,,F500319
8613,I500871,F,F500319,
8615,I500873,F,F500320,
8617,I500875,F,F500321,
8618,I500876,F,,F500322
8619,I500877,F,F500322,
8620,I500878,F,,F500323
8621,I500879,F,F500323,
8622,I500880,F,,F500324
8623,I500881,F,F500324,
8625,I500883,F,F500325,
8631,I500889,F,F500328,
8637,I500903,M,F500336,
8638,I500904,F,F500336,
8683,I500957,M,,F500352
8720,I501002,F,F500368,
8728,I501010,M,F500372,
8730,I501012,M,F500373,
8732,I501014,M,F500374,
8734,I501016,M,F500375,
8761,I501048,F,,F500260
8762,I501049,M,,F500260
8901,I501204,F,F500432,
8934,I501237,F,F500438,
8935,I501238,M,,F500439
8936,I501239,F,F500439,
8938,I501241,F,F500441,
8942,I501245,F,F500443,
8944,I501247,F,F500444,
8955,I501258,F,,F500446
8956,I501259,F,,F500446
8957,I501260,M,,F500446
9006,I501317,F,,F500461
9008,I501319,M,,F500462
9009,I501320,M,,F500462
9010,I501321,M,,F500462
9045,I501356,M,F500467,
9047,I501358,M,F500468,
9051,I501362,M,,F500469
9065,I501376,F,,F500471
9116,I501435,F,F500487,
9117,I501436,F,F500488,
9118,I501437,F,F500489,
9119,I501438,F,F500490,
9130,I501449,M,,F500492
9134,I501453,M,F500493,
9161,I501480,M,,F500501
9163,I501482,M,F500502,
9165,I501484,M,F500503,
9167,I501486,M,F500504,
9169,I501488,M,F500505,
9171,I501490,M,F500506,
9173,I501492,M,F500507,
9175,I501494,M,F500508,
9177,I501496,M,F500509,
9188,I501507,F,,F500447
9189,I501508,F,,F500512
9200,I501519,M,,F500193
9219,I501547,F,,F500527
9222,I501550,M,,F500528
9285,I501613,M,,F500542
9350,I501686,F,,F500460
9352,I501688,F,F500562,
9361,I501697,M,,F500564
9362,I501698,F,F500564,
9383,I501719,M,F500568,
9385,I501721,M,F500569,
9393,I501729,F,,F500570
9580,I501924,F,,F500613
9581,I501925,F,,F500613
9582,I501926,F,,F500613
9583,I501927,F,,F500613
9585,I501929,F,F500614,
9603,I501947,F,,F500615
9604,I501948,F,,F500615
9629,I501981,F,,F500628
9630,I501982,F,,F500628
9634,I501986,M,,F500630
9656,I502008,F,,F500635
9683,I502035,F,F500641,
9704,I502056,M,,F500644
9751,I502111,F,,F500657
9752,I502112,F,,F500657
9933,I502301,M,F500706,
9935,I502303,M,F500707,
9944,I502312,M,,F500678
9957,I502325,M,,F500710
9960,I502328,F,F502060,F500711
9961,I502329,F,,F500711
9963,I502331,F,,F500711
9983,I502351,F,F500714,
9985,I502353,F,F500715,
9991,I502359,M,,F500717
10024,I502400,F,F500736,
10158,I502535,M,F500757,
10203,I502580,F,F500766,
10207,I502584,M,,
10222,I502607,M,,F500775
10300,I502685,F,,F500786
10301,I502686,F,,F500786
10302,I502687,F,,F500786
10303,I502688,F,,F500786
10363,I502756,F,,F500807
10408,I502801,F,F500813,
10410,I502803,F,F500814,
10412,I502805,F,F500815,
10414,I502807,F,F500816,
10416,I502809,F,F500817,
10418,I502811,F,F500818,
10420,I502813,F,F500819,
10422,I502815,F,F500820,
10424,I502817,F,F500821,
10426,I502819,F,F500822,
10428,I502821,F,F500823,
10522,I502923,F,F500848,
10568,I502969,F,F500855,
10650,I503051,F,F500869,
10681,I503082,F,F500873,
10695,I503096,M,F500877,
10696,I503097,F,F500877,
10697,I503098,F,,F500877
10747,I503156,F,F500896,
10748,I503157,F,F500897,
10749,I503158,M,,F500898
10750,I503159,M,,F500899
10801,I503210,F,F500911,
10839,I503248,F,F500920,
10840,I503249,M,,F500921
10841,I503250,F,F500921,
10842,I503251,F,,F500922
10843,I503252,F,F500922,
10844,I503253,M,,F500923
10845,I503254,F,F500923,
10861,I503270,F,,F500925
10872,I503281,M,F500929,
10874,I503283,M,F500930,
10995,I503412,U,F500959,
11000,I503417,M,,F500960
11001,I503418,M,,F500960
11003,I503420,M,,F500960
11159,I503576,M,F501005,
11160,I503577,M,F501006,
11161,I503578,M,F501007,
11162,I503579,M,F501008,
11163,I503580,M,F501009,
11164,I503581,M,F501010,
11195,I503612,F,F501015,
11219,I503636,M,F501018,
11220,I503637,F,F501018,
11223,I503640,M,F500226,
11256,I503681,F,F501033,
11288,I503713,F,,F500971
11289,I503714,F,,F500971
11294,I503719,F,,F501015
11295,I503720,F,,F501015
11296,I503721,F,,F501015
11303,I503728,U,F501042,
11361,I503786,F,F501056,
11362,I503787,M,,F501057
11363,I503788,F,F501057,
11364,I503789,F,,F501058
11365,I503790,F,F501058,
11390,I503815,M,,F500912
11392,I503817,F,F501061,
11393,I503818,M,,F501062
11394,I503819,F,F501062,
11395,I503820,F,,F501063
11396,I503821,F,F501063,
11437,I503862,M,,F501068
11496,I503929,F,,F500899
11557,I503990,F,,F501099
11594,I504027,F,F501104,
11621,I504054,F,F501110,
11623,I504056,F,F501111,
11625,I504058,F,F501112,
11702,I504135,M,F501135,
11789,I504230,F,,F501148
11800,I504241,M,F501151,
11802,I504243,M,F501152,
12050,I504499,M,F501214,
12052,I504501,M,F501215,
12053,I504502,F,,F501216
12054,I504503,M,F501216,
12056,I504505,M,F501217,
12058,I504507,M,F501218,
12059,I504508,M,,F501106
12071,I504520,F,,F501219
12075,I504524,M,F501221,
12077,I504526,M,F501222,
12079,I504528,F,F501223,
12081,I504530,F,F501224,
12083,I504532,F,F501225,
12085,I504534,F,F501226,
12087,I504536,F,F501227,
12148,I504597,F,,F501091
12202,I504651,F,,F501248
12265,I504722,M,,F501272
12268,I504725,F,,F501272
12271,I504728,F,F501273,
12273,I504730,F,F501274,
12275,I504732,F,F501275,
12277,I504734,F,F501276,
12279,I504736,F,F501277,
12281,I504738,F,F501278,
12284,I504741,F,F501279,
12286,I504743,F,F501280,
12288,I504745,F,F501281,
12291,I504748,F,F501282,
12293,I504750,F,F501283,
12296,I504753,F,,F501284
12298,I504755,M,,F501284
12306,I504763,F,,F501285
12319,I504776,M,,F501286
12320,I504777,M,F501286,
12339,I504796,F,,F501270
12340,I504797,F,,F501270
12437,I504894,M,,F501303
12446,I504903,F,,F501305
12488,I504945,F,F501311,
12490,I504947,F,F501312,
12492,I504949,F,F501313,
12503,I504960,F,F501317,
12542,I504999,F,,F501326
12559,I505017,F,F501330,
12560,I505018,F,F6,
12568,I505026,M,F501333,
12570,I505028,M,F501334,
12578,I505036,M,,F5
12610,I505068,F,,F500485
12728,I505194,F,F501363,
12730,I505196,F,F501364,
12732,I505198,F,F501365,
12734,I505200,F,F501366,
12791,I505257,M,,F501374
12792,I505258,F,,F501374
12827,I505293,M,,F501381
12828,I505294,F,,F501381
12870,I505336,F,F501391,
12880,I505346,M,,F501394
12881,I505347,M,,F501394
12892,I505358,M,,F501177
12893,I505359,M,,F501177
12913,I505387,F,,F501379
12944,I505418,M,,F501413
12946,I505420,F,F501414,
12978,I505452,M,F501423,
12979,I505453,F,,F501423
12980,I505454,F,,F501423
12995,I505469,F,F501427,
13006,I505482,F,F501431,
13019,I505495,M,,F501430
13020,I505496,M,,F501433
13043,I505519,F,,F501436
13044,I505520,F,,F501436
13045,I505521,M,,F501436
13046,I505522,M,,F501436
13047,I505523,F,,F501436
13048,I505524,M,,F501436
13049,I505525,M,,F501428
13050,I505526,M,,F501428
13051,I505527,M,,F501428
13052,I505528,M,,F501428
13082,I505558,M,,F501438
13083,I505559,M,,F501438
13122,I505598,M,,F501445
13124,I505600,F,,F501434
13139,I505615,F,,F501447
13140,I505616,F,,F501447
13145,I505621,M,F501449,F501457
13183,I505659,F,F501458,
13185,I505661,F,F501459,
13205,I505681,F,F501465,
13207,I505690,F,F501472,
13248,I505731,F,F501478,
13302,I505785,F,F501483,
13322,I505805,F,F501485,
13345,I505828,F,F501491,
13411,I505902,M,F501502,
13432,I505923,F,F501504,
13434,I505925,F,F501505,
13436,I505927,F,F501506,
13438,I505929,F,F501507,
13440,I505931,F,F501508,
13541,I506040,F,,F501530
13619,I506122,M,F501545,
13637,I506140,F,F501547,
13647,I506150,F,F501549,
13648,I506151,M,F501550,
13649,I506152,F,F501550,
13650,I506154,M,,F501551
13651,I506155,F,F501551,
13652,I506156,M,,F7
13657,I506161,M,,F501548
13658,I506162,M,,F501548
13687,I506191,F,,F501440
13688,I506192,M,,F501556
13753,I506258,F,F501574,
13832,I506337,M,,F501589
13836,I506341,F,,F501589
13837,I506342,M,,F501589
13853,I506358,F,F501591,
13854,I506359,M,,F501592
13855,I506360,F,F501592,
13857,I506362,F,F501593,
13859,I506364,F,F501594,
13861,I506366,F,F501595,
13863,I506368,F,F501596,
13865,I506370,F,F501597,
13875,I506380,F,F501602,
13876,I506381,F,F501603,
13877,I506382,F,F501604,
13882,I506387,F,F501605,
14163,I506676,M,,F501659
14164,I506677,F,,F501659
14172,I506685,F,,F501565
14193,I506706,F,,F501668
14194,I506707,M,,F501668
14195,I506708,M,,F501668
14196,I506709,F,,F501668
14197,I506710,F,,F501668
14202,I506715,F,,F501659
14205,I506718,F,,F501670
14206,I506719,F,,F501670
14207,I506720,M,,F501670
14216,I506729,M,F501672,
14251,I506764,M,F501679,
14252,I506765,F,F501679,
14253,I506766,M,,F501679
14254,I506767,F,,F501679
14255,I506768,M,,F501679
14256,I506769,M,,F501679
14257,I506770,M,,F501679
14258,I506771,M,,F501679
14259,I506772,M,,F501679
14260,I506773,M,,F501679
14261,I506774,F,,F501679
14262,I506775,F,,F501679
14291,I506804,F,F501685,
14293,I506806,F,F501686,
14303,I506816,M,F501688,
14305,I506818,M,F501689,
14351,I506864,M,F501698,
14353,I506866,M,F501699,
14355,I506868,M,F501700,
14394,I506907,F,F501716,
14498,I507019,M,,F501665
14508,I507029,F,F501745,
14510,I507031,F,F501746,
14512,I507033,F,F501747,
14514,I507035,F,F501748,
14516,I507037,F,F501749,
14518,I507039,F,F501750,
14585,I507106,M,F501764,
14587,I507108,M,,F501764
14589,I507110,F,F501765,
14591,I507112,F,F501766,
14593,I507114,F,F501767,
14595,I507116,F,F501768,
14597,I507118,F,F501769,
14645,I507166,F,F501783,
14651,I507172,F,,F501785
14772,I507301,M,F501816,
14773,I507302,F,F501816,
14841,I507370,F,,F501830
14842,I507371,F,,F501830
14847,I507376,M,,F501829
14884,I507811,M,F501945,
14886,I507813,M,F501946,
14888,I507815,M,F501947,
14890,I507817,M,F501948,
15072,I507999,M,,F501983
15073,I508000,M,F501983,
15074,I508001,M,,F501984
15075,I508002,M,F501984,
15076,I508003,M,,F501985
15077,I508004,M,F501985,
15093,I508020,F,,F501987
15094,I508021,M,,F501987
15100,I508027,F,F501989,
15102,I508029,F,F501990,
15104,I508031,F,F501991,
15106,I508033,F,F501992,
15108,I508035,F,F501993,
15110,I508037,F,F501994,
15145,I508073,F,F502011,
15147,I508075,F,F502012,
15208,I508136,F,,F502023
15237,I508165,F,F502029,
15239,I508167,F,F502030,
15241,I508169,F,F502031,
15245,I508173,M,,F502032
15304,I508232,M,F502045,
15305,I508233,F,F502045,
15331,I508259,F,F502050,
15338,I508266,F,F502052,
15340,I508268,F,F502053,
15342,I508270,F,F502054,
15344,I508272,F,F502055,
15363,I508291,M,F502060,
15364,I508292,M,,F502060
15365,I508293,M,,F502060
15386,I508314,M,,F502065
15448,I508376,F,,F502077
15449,I508377,F,,F502077
15450,I508378,U,,F502077
15452,I508380,F,,F502078
15453,I508381,M,F502078,
15454,I508382,M,,F502079
15455,I508383,M,F502079,
15456,I508384,M,,F502080
15457,I508385,M,F502080,
15458,I508386,M,,F502081
15459,I508387,M,F502081,
15460,I508388,M,,F502082
15461,I508389,M,F502082,
15462,I508390,M,,F502083
15463,I508391,M,F502083,
15464,I508392,M,,F502084
15465,I508393,M,F502084,
15466,I508394,F,,F502085
15467,I508395,M,F502085,
15469,I508397,M,F502086,
15471,I508399,M,F502087,
15473,I508401,M,F502088,
15475,I508403,M,F502089,
15491,I508423,M,,F502091
15492,I508424,F,,F502091
15519,I508508,M,,F502119
15541,I508530,M,,F502117
15542,I508531,F,,F502117
15561,I508550,F,F502131,
15562,I508551,M,F502132,
15563,I508552,M,F502133,
15581,I508570,F,F502134,
15618,I508618,F,F502151,
15619,I508619,F,F502152,
15620,I508620,F,F502153,
15621,I508621,F,F502154,
15622,I508622,F,F502155,
15623,I508623,F,F502156,
15624,I508624,F,F502157,
15625,I508625,F,F502158,
15628,I508628,F,,F502150
15629,I508629,F,,F502150
15630,I508630,F,,F502150
15631,I508631,F,,F502150
15632,I508632,F,,F502150
15633,I508633,M,,F502150
15634,I508634,F,,F502150
15640,I508640,M,,F502159
15650,I88888888,U,,
